{
    "name": "CMS API",
    "version": "1.0.0",
    "description": "Reference for the Brightcove CMS API, used to access and manage your media library. To test API requests, you can use our <a href=\"https://support.brightcove.com/node/17910\" target=\"_blank\">API Testing Tools</a>. For permissions needed for OAuth credentials, see <a href=\"https://support.brightcove.com/node/17922\" target=\"_blank\">API Operations</a>",
    "title": "CMS API Reference",
    "url" : "https://cms.api.brightcove.com/v1",
    "order": [
        "videoGroup",
        "Get_Videos",
        "Get_Video_Count",
        "Get_Video_by_ID_or_Reference_ID",
        "Get_Video_Sources",
        "Get_Video_Images",
        "Get_Digital_Master_Info",
        "Get_Playlists_for_Video",
        "Create_Video",
        "Update_Video",
        "Remove_Video_from_all_Playlists",
        "Delete_Video",
        "Get_Custom_Fields",
        "playlistGroup",
        "Get_Playlists",
        "Get_Playlist_Count",
        "Get_Playlist_by_ID",
        "Get_Video_Count_in_Playlist",
        "Get_Videos_in_Playlist",
        "Create_Playlist",
        "Update_Playlist",
        "Delete_Playlist",
        "assetGroup",
        "Get_Rendition_List",
        "Get_Rendition",
        "Add_Rendition",
        "Update_Rendition",
        "Delete_Rendition",
        "Get_Dynamic_Renditions",
        "Get_Digital_Master_List",
        "Get_Digital_Master",
        "Add_Digital_Master",
        "Update_Digital_Master",
        "Delete_Digital_Master",
        "Get_HLS_Manifest_List",
        "Get_HLS_Manifest",
        "Add_HLS_Manifest",
        "Update_HLS_Manifest",
        "Delete_HLS_Manifest",
        "Get_HDS_Manifest_List",
        "Get_HDS_Manifest",
        "Add_HDS_Manifest",
        "Update_HDS_Manifest",
        "Delete_HDS_Manifest",
        "Get_ISM_Manifest_List",
        "Get_ISM_Manifest",
        "Add_ISM_Manifest",
        "Update_ISM_Manifest",
        "Delete_ISM_Manifest",
        "Get_ISMC_Manifest_List",
        "Get_ISMC_Manifest",
        "Add_ISMC_Manifest",
        "Update_ISMC_Manifest",
        "Delete_ISMC_Manifest",
        "Get_DASH_Manifest_List",
        "Get_DASH_Manifest",
        "Add_DASH_Manifest",
        "Update_DASH_Manifest",
        "Delete_DASH_Manifest",
        "Get_Poster_List",
        "Get_Poster",
        "Add_Poster",
        "Update_Poster",
        "Delete_Poster",
        "Get_Thumbnail_List",
        "Get_Thumbnail",
        "Add_Thumbnail",
        "Update_Thumbnail",
        "Delete_Thumbnail",
        "Get_Caption_List",
        "Get_Caption",
        "Add_Caption",
        "Update_Caption",
        "Delete_Caption",
        "folderGroup",
        "Get_Folders",
        "Get_Folder_Information",
        "Get_Videos_in_Folder",
        "Add_Video_to_Folder",
        "Remove_Video_from_Folder",
        "Create_Folder",
        "Update_Folder_Name",
        "Delete_Folder",
        "notificationGroup",
        "Get_Subscriptions_List",
        "Create_Subscription",
        "Get_Subscription",
        "Delete_Subscription"
    ]
}
